Jill,Doe
Joe,Doe
Justin,Doe
Jane,Doea
John,Doeb
John,Doec
John,Doed
John,Doee
John,Doef
Jill,Doeg
Joe,Doe
Justin,Doe
Jane,Doe
John,Doeh
John,Doei
John,Doej
John,Doek
John,Doel
Jill,Doem
Joe,Doen
Justin,Doe
Jane,Doe
John,Doen
John,Doeo
John,Doep
John,Doeq
John,Doer
Jill,Does
Joe,Doet
Justin,Doe
Jane,Doeu
John,Doev
John,Doew
John,Doex
John,Doey
John,Doez
Jill,Doe1
Joe,Doe2
Justin,Doe
Jane,Doe3
John,Doe4
John,Doe5
John,Doe6
John,Doe7
John,Doe8
Jill,Doe9
Joe,Doe0
Justin,Doe
Jane,Doe
John,Doe11
John,Doe12
John,Doe13
John,Doe14
John,Doe15